"LSOA11CD","PCN_Code","PCN_Name","Patients","Proportion_residents_to_PCN"
"E01016849","U46447","Goldstone PCN",1698,0.836865450961065
"E01016850","U46447","Goldstone PCN",1615,0.724540152534769
"E01016851","U46447","Goldstone PCN",1824,0.812472160356347
"E01016852","U46447","Goldstone PCN",1644,0.8
"E01016853","U46447","Goldstone PCN",1900,0.849351810460438
"E01016854","U46447","Goldstone PCN",1573,0.762112403100775
"E01016855","U46447","Goldstone PCN",1688,0.895490716180371
"E01016856","U46447","Goldstone PCN",1732,0.81390977443609
"E01016857","U46447","Goldstone PCN",1603,0.847251585623679
"E01016858","U46447","Goldstone PCN",1502,0.866205305651672
"E01016859","U46447","Goldstone PCN",1900,0.899621212121212
"E01016860","U46447","Goldstone PCN",1722,0.876782077393075
"E01016861","U29677","East & Central Brighton PCN",1505,0.793776371308017
"E01016862","U29677","East & Central Brighton PCN",1348,0.843554443053817
"E01016863","U29677","East & Central Brighton PCN",1578,0.84656652360515
"E01016864","U29677","East & Central Brighton PCN",1598,0.939447383891828
"E01016865","U29677","East & Central Brighton PCN",1578,0.940405244338498
"E01016866","U29677","East & Central Brighton PCN",1639,0.954016298020955
"E01016867","U29677","East & Central Brighton PCN",1270,0.863945578231292
"E01016868","U29677","East & Central Brighton PCN",1671,0.93929173693086
"E01016869","U29677","East & Central Brighton PCN",2030,0.900621118012422
"E01016870","U46447","Goldstone PCN",1530,0.826580226904376
"E01016871","U46447","Goldstone PCN",1905,0.870260392873458
"E01016872","U46447","Goldstone PCN",1741,0.867463876432486
"E01016873","U46447","Goldstone PCN",1788,0.865021770682148
"E01016874","U46447","Goldstone PCN",2047,0.891550522648084
"E01016875","U46447","Goldstone PCN",1269,0.680793991416309
"E01016876","U46447","Goldstone PCN",1406,0.649722735674677
"E01016877","U46447","Goldstone PCN",1980,0.801619433198381
"E01016878","U46447","Goldstone PCN",1885,0.860337745321771
"E01016879","U14062","West Hove PCN",1110,0.674362089914945
"E01016880","U14062","West Hove PCN",1075,0.696243523316062
"E01016881","U14062","West Hove PCN",1143,0.668812170860152
"E01016882","U14062","West Hove PCN",1061,0.628927089508002
"E01016883","U14062","West Hove PCN",1107,0.693174702567314
"E01016884","U14062","West Hove PCN",1104,0.598698481561822
"E01016885","U46447","Goldstone PCN",789,0.513003901170351
"E01016886","U14062","West Hove PCN",1105,0.670103092783505
"E01016887","U14062","West Hove PCN",1133,0.712578616352201
"E01016888","U14062","West Hove PCN",851,0.50414691943128
"E01016889","U29677","East & Central Brighton PCN",1130,0.601703940362087
"E01016890","U29677","East & Central Brighton PCN",1087,0.512735849056604
"E01016891","U29677","East & Central Brighton PCN",1169,0.587437185929648
"E01016892","U29677","East & Central Brighton PCN",990,0.552455357142857
"E01016893","U29677","East & Central Brighton PCN",948,0.475664826894129
"E01016894","U29677","East & Central Brighton PCN",1469,0.691619585687382
"E01016895","U29677","East & Central Brighton PCN",1103,0.58144438587243
"E01016896","U29677","East & Central Brighton PCN",991,0.548119469026549
"E01016897","U29677","East & Central Brighton PCN",904,0.477548864236661
"E01016898","U55014","North & Central Brighton PCN",2040,0.688723835246455
"E01016899","U55014","North & Central Brighton PCN",8406,0.936706039670158
"E01016900","U22426","Dean's and Central Brighton PCN",660,0.34375
"E01016901","U09072","Preston Park Community PCN",1065,0.560231457127828
"E01016902","U09072","Preston Park Community PCN",829,0.449566160520607
"E01016903","U09072","Preston Park Community PCN",1277,0.587126436781609
"E01016904","U29677","East & Central Brighton PCN",678,0.297238053485313
"E01016905","U09072","Preston Park Community PCN",731,0.401869158878505
"E01016906","U22426","Dean's and Central Brighton PCN",1133,0.620481927710843
"E01016907","U22426","Dean's and Central Brighton PCN",938,0.487779511180447
"E01016908","U22426","Dean's and Central Brighton PCN",994,0.564131668558456
"E01016909","U22426","Dean's and Central Brighton PCN",797,0.418153200419727
"E01016910","U22426","Dean's and Central Brighton PCN",612,0.409364548494983
"E01016911","U22426","Dean's and Central Brighton PCN",967,0.610094637223975
"E01016912","U29677","East & Central Brighton PCN",791,0.336739037888463
"E01016913","U29677","East & Central Brighton PCN",672,0.370860927152318
"E01016914","U55014","North & Central Brighton PCN",1319,0.407601977750309
"E01016915","U22426","Dean's and Central Brighton PCN",881,0.48808864265928
"E01016916","U14062","West Hove PCN",1598,0.913142857142857
"E01016917","U14062","West Hove PCN",1325,0.924633635729239
"E01016918","U14062","West Hove PCN",1426,0.936925098554534
"E01016919","U14062","West Hove PCN",1071,0.748951048951049
"E01016920","U14062","West Hove PCN",1329,0.834798994974874
"E01016921","U14062","West Hove PCN",1482,0.870229007633588
"E01016922","U14062","West Hove PCN",1200,0.872727272727273
"E01016923","U09072","Preston Park Community PCN",1220,0.702360391479562
"E01016924","U09072","Preston Park Community PCN",1109,0.686687306501548
"E01016925","U09072","Preston Park Community PCN",964,0.553386911595867
"E01016926","U09072","Preston Park Community PCN",915,0.519591141396934
"E01016927","U09072","Preston Park Community PCN",1068,0.596981553940749
"E01016928","U09072","Preston Park Community PCN",1255,0.693753454947485
"E01016929","U09072","Preston Park Community PCN",1134,0.66045428072219
"E01016930","U09072","Preston Park Community PCN",1504,0.707099200752233
"E01016931","U09072","Preston Park Community PCN",1220,0.710541642399534
"E01016932","U09072","Preston Park Community PCN",1474,0.823463687150838
"E01016933","U09072","Preston Park Community PCN",1365,0.835884874464176
"E01016934","U09072","Preston Park Community PCN",1268,0.849865951742627
"E01016935","U09072","Preston Park Community PCN",1147,0.622692725298589
"E01016936","U09072","Preston Park Community PCN",1011,0.507530120481928
"E01016937","U09072","Preston Park Community PCN",1836,0.656887298747764
"E01016938","U55014","North & Central Brighton PCN",789,0.364939870490287
"E01016939","U09072","Preston Park Community PCN",1436,0.830057803468208
"E01016940","U09072","Preston Park Community PCN",1650,0.873478030704076
"E01016941","U29677","East & Central Brighton PCN",2031,0.761815453863466
"E01016942","U29677","East & Central Brighton PCN",2081,0.890076988879384
"E01016943","U29677","East & Central Brighton PCN",1232,0.754901960784314
"E01016944","U29677","East & Central Brighton PCN",1353,0.762253521126761
"E01016945","U29677","East & Central Brighton PCN",1509,0.747029702970297
"E01016946","U29677","East & Central Brighton PCN",887,0.522379269729093
"E01016947","U29677","East & Central Brighton PCN",2322,0.7423273657289
"E01016948","U29677","East & Central Brighton PCN",1217,0.602475247524752
"E01016949","U29677","East & Central Brighton PCN",1602,0.77130476649013
"E01016950","U55014","North & Central Brighton PCN",1266,0.597733711048159
"E01016951","U55014","North & Central Brighton PCN",924,0.448108632395732
"E01016952","U22426","Dean's and Central Brighton PCN",1039,0.36303284416492
"E01016953","U55014","North & Central Brighton PCN",1109,0.543361097501225
"E01016954","U46447","Goldstone PCN",1126,0.504254366323332
"E01016955","U46447","Goldstone PCN",945,0.377546943667599
"E01016956","U22426","Dean's and Central Brighton PCN",1449,0.912468513853904
"E01016957","U29677","East & Central Brighton PCN",1765,0.659320134478894
"E01016958","U22426","Dean's and Central Brighton PCN",1737,0.924427887174029
"E01016959","U22426","Dean's and Central Brighton PCN",1440,0.878584502745577
"E01016960","U22426","Dean's and Central Brighton PCN",1535,0.83288117200217
"E01016961","U22426","Dean's and Central Brighton PCN",1991,0.920055452865065
"E01016962","U22426","Dean's and Central Brighton PCN",836,0.48548199767712
"E01016963","U29677","East & Central Brighton PCN",1684,0.846656611362494
"E01016964","U29677","East & Central Brighton PCN",1948,0.53901494189264
"E01016966","U29677","East & Central Brighton PCN",1263,0.63595166163142
"E01016967","U55014","North & Central Brighton PCN",1117,0.517608897126969
"E01016968","U55014","North & Central Brighton PCN",843,0.461664841182913
"E01016969","U29677","East & Central Brighton PCN",853,0.353209109730849
"E01016970","U09072","Preston Park Community PCN",711,0.414577259475219
"E01016971","U29677","East & Central Brighton PCN",1089,0.515625
"E01016972","U09072","Preston Park Community PCN",862,0.547997457088366
"E01016973","U14062","West Hove PCN",1310,0.779761904761905
"E01016974","U14062","West Hove PCN",1787,0.84651823780199
"E01016975","U14062","West Hove PCN",1650,0.887573964497041
"E01016976","U14062","West Hove PCN",1137,0.648972602739726
"E01016977","U14062","West Hove PCN",1327,0.754405912450256
"E01016978","U14062","West Hove PCN",1348,0.733405875952122
"E01016979","U46447","Goldstone PCN",1467,0.71526084836665
"E01016980","U46447","Goldstone PCN",1330,0.722041259500543
"E01016981","U46447","Goldstone PCN",1078,0.593939393939394
"E01016982","U46447","Goldstone PCN",863,0.603496503496504
"E01016983","U46447","Goldstone PCN",941,0.551259519625073
"E01016984","U46447","Goldstone PCN",959,0.554976851851852
"E01016985","U46447","Goldstone PCN",1053,0.594579333709768
"E01016986","U46447","Goldstone PCN",1316,0.73355629877369
"E01016987","U46447","Goldstone PCN",1174,0.57918105574741
"E01016988","U46447","Goldstone PCN",1369,0.80152224824356
"E01016989","U46447","Goldstone PCN",1011,0.635849056603774
"E01016990","U46447","Goldstone PCN",1430,0.769644779332616
"E01016991","U46447","Goldstone PCN",1528,0.763236763236763
"E01016992","U14062","West Hove PCN",1102,0.582452431289641
"E01016993","U14062","West Hove PCN",985,0.618330194601381
"E01016994","U14062","West Hove PCN",1305,0.683603981141959
"E01016995","U14062","West Hove PCN",946,0.532058492688414
"E01016996","U46447","Goldstone PCN",1102,0.484821821381434
"E01016997","U14062","West Hove PCN",1143,0.620521172638437
"E01016998","U09072","Preston Park Community PCN",1218,0.745410036719706
"E01016999","U09072","Preston Park Community PCN",1154,0.70494807574832
"E01017000","U09072","Preston Park Community PCN",1556,0.770678553739475
"E01017001","U09072","Preston Park Community PCN",1397,0.820799059929495
"E01017002","U09072","Preston Park Community PCN",1478,0.744209466263847
"E01017003","U09072","Preston Park Community PCN",1381,0.835450695704779
"E01017004","U09072","Preston Park Community PCN",1499,0.816893732970027
"E01017005","U09072","Preston Park Community PCN",1310,0.718595721338453
"E01017006","U09072","Preston Park Community PCN",1294,0.727374929735807
"E01017007","U29677","East & Central Brighton PCN",1562,0.923713778829095
"E01017008","U29677","East & Central Brighton PCN",1597,0.921523369878823
"E01017009","U29677","East & Central Brighton PCN",1318,0.862001308044474
"E01017010","U29677","East & Central Brighton PCN",1632,0.880733944954128
"E01017011","U29677","East & Central Brighton PCN",1304,0.893762851267992
"E01017012","U29677","East & Central Brighton PCN",1532,0.803777544596013
"E01020910","U52868","Alps Group PCN",1656,0.660287081339713
"E01020911","U52868","Alps Group PCN",1277,0.450918079096045
"E01020912","U52868","Alps Group PCN",1530,0.514112903225806
"E01020913","U48056","Eastbourne East PCN",1611,0.634002361275089
"E01020914","U52868","Alps Group PCN",1359,0.621399176954732
"E01020915","U48056","Eastbourne East PCN",879,0.477717391304348
"E01020916","U52868","Alps Group PCN",1247,0.59636537541846
"E01020917","U52868","Alps Group PCN",1138,0.695174098961515
"E01020918","U52868","Alps Group PCN",1308,0.758260869565217
"E01020919","U52868","Alps Group PCN",1245,0.760537568723274
"E01020920","U52868","Alps Group PCN",1208,0.755944931163955
"E01020921","U52868","Alps Group PCN",1254,0.781795511221945
"E01020922","U52868","Alps Group PCN",1329,0.783608490566038
"E01020923","U52868","Alps Group PCN",1093,0.719552337063858
"E01020924","U52868","Alps Group PCN",847,0.57037037037037
"E01020925","U52868","Alps Group PCN",1330,0.781433607520564
"E01020926","U48056","Eastbourne East PCN",784,0.500638569604087
"E01020927","U52868","Alps Group PCN",965,0.620179948586118
"E01020928","U52868","Alps Group PCN",1027,0.615707434052758
"E01020929","U52868","Alps Group PCN",931,0.493899204244032
"E01020930","U52868","Alps Group PCN",908,0.595800524934383
"E01020931","U52868","Alps Group PCN",932,0.522128851540616
"E01020932","U52868","Alps Group PCN",864,0.629737609329446
"E01020933","U52868","Alps Group PCN",646,0.591033851784081
"E01020934","U52868","Alps Group PCN",870,0.645879732739421
"E01020935","U52868","Alps Group PCN",1111,0.471162001696353
"E01020936","U52868","Alps Group PCN",1446,0.537147102526003
"E01020937","U52868","Alps Group PCN",1171,0.619249074563723
"E01020938","U42972","Victoria Eastbourne PCN",1214,0.702546296296296
"E01020939","U42972","Victoria Eastbourne PCN",1218,0.71858407079646
"E01020940","U42972","Victoria Eastbourne PCN",1155,0.657370517928287
"E01020941","U42972","Victoria Eastbourne PCN",1345,0.707522356654392
"E01020942","U42972","Victoria Eastbourne PCN",1141,0.693195625759417
"E01020943","U42972","Victoria Eastbourne PCN",1172,0.709013914095584
"E01020944","U42972","Victoria Eastbourne PCN",948,0.588454376163873
"E01020945","U52868","Alps Group PCN",1087,0.577884104199894
"E01020946","U42972","Victoria Eastbourne PCN",1095,0.632947976878613
"E01020947","U42972","Victoria Eastbourne PCN",1139,0.65610599078341
"E01020948","U52868","Alps Group PCN",932,0.566221142162819
"E01020949","U52868","Alps Group PCN",1061,0.652521525215252
"E01020950","U52868","Alps Group PCN",1013,0.623384615384615
"E01020951","U48056","Eastbourne East PCN",895,0.534328358208955
"E01020952","U48056","Eastbourne East PCN",1100,0.541871921182266
"E01020953","U48056","Eastbourne East PCN",840,0.511882998171846
"E01020954","U48056","Eastbourne East PCN",760,0.421987784564131
"E01020955","U48056","Eastbourne East PCN",875,0.515008828722778
"E01020956","U48056","Eastbourne East PCN",1012,0.604540023894863
"E01020957","U48056","Eastbourne East PCN",1073,0.632665094339623
"E01020959","U48056","Eastbourne East PCN",1048,0.656641604010025
"E01020960","U48056","Eastbourne East PCN",2125,0.854443104141536
"E01020961","U48056","Eastbourne East PCN",1069,0.701904136572554
"E01020962","U48056","Eastbourne East PCN",1648,0.752167959835692
"E01020963","U42972","Victoria Eastbourne PCN",1073,0.510709186101856
"E01020964","U42972","Victoria Eastbourne PCN",1009,0.604916067146283
"E01020965","U42972","Victoria Eastbourne PCN",995,0.530666666666667
"E01020966","U42972","Victoria Eastbourne PCN",963,0.539193729003359
"E01020967","U42972","Victoria Eastbourne PCN",975,0.510204081632653
"E01020968","U52868","Alps Group PCN",1135,0.516848816029144
"E01020969","U99438","Hastings & St Leonards PCN",1529,0.938036809815951
"E01020970","U99438","Hastings & St Leonards PCN",2649,0.881824234354194
"E01020971","U99438","Hastings & St Leonards PCN",2110,0.962152302781578
"E01020972","U99438","Hastings & St Leonards PCN",2156,0.984474885844749
"E01020973","U99438","Hastings & St Leonards PCN",2166,0.99815668202765
"E01020974","U99438","Hastings & St Leonards PCN",1848,0.997301672962763
"E01020975","U99438","Hastings & St Leonards PCN",1681,0.997034400948992
"E01020976","U99438","Hastings & St Leonards PCN",1920,0.998439937597504
"E01020977","U99438","Hastings & St Leonards PCN",1599,0.999375
"E01020978","U99438","Hastings & St Leonards PCN",2079,0.997600767754319
"E01020979","U99438","Hastings & St Leonards PCN",2215,0.997747747747748
"E01020980","U99438","Hastings & St Leonards PCN",1678,0.997621878715815
"E01020981","U99438","Hastings & St Leonards PCN",1531,0.997394136807818
"E01020982","U99438","Hastings & St Leonards PCN",1874,0.998933901918977
"E01020983","U99438","Hastings & St Leonards PCN",1710,0.997084548104956
"E01020984","U99438","Hastings & St Leonards PCN",2086,0.995704057279236
"E01020985","U99438","Hastings & St Leonards PCN",1656,0.996389891696751
"E01020986","U99438","Hastings & St Leonards PCN",1530,0.973282442748092
"E01020987","U99438","Hastings & St Leonards PCN",1966,0.991427130610187
"E01020988","U99438","Hastings & St Leonards PCN",1706,0.995913601868068
"E01020989","U99438","Hastings & St Leonards PCN",1753,0.998291571753986
"E01020990","U99438","Hastings & St Leonards PCN",1730,1
"E01020991","U99438","Hastings & St Leonards PCN",1386,0.999279019466474
"E01020992","U99438","Hastings & St Leonards PCN",1998,0.996508728179551
"E01020993","U99438","Hastings & St Leonards PCN",1619,0.998766193707588
"E01020994","U99438","Hastings & St Leonards PCN",1753,0.997723392145703
"E01020995","U99438","Hastings & St Leonards PCN",1601,0.999375780274657
"E01020996","U99438","Hastings & St Leonards PCN",2054,0.996603590490053
"E01020997","U99438","Hastings & St Leonards PCN",1728,0.997114829774957
"E01020998","U99438","Hastings & St Leonards PCN",2009,0.997517378351539
"E01020999","U99438","Hastings & St Leonards PCN",1947,0.999486652977413
"E01021000","U99438","Hastings & St Leonards PCN",1499,0.998667554963358
"E01021001","U99438","Hastings & St Leonards PCN",1229,0.993532740501213
"E01021002","U99438","Hastings & St Leonards PCN",1489,0.99798927613941
"E01021003","U99438","Hastings & St Leonards PCN",1472,0.997966101694915
"E01021004","U99438","Hastings & St Leonards PCN",2002,0.995524614619592
"E01021005","U99438","Hastings & St Leonards PCN",1935,0.984231943031536
"E01021006","U99438","Hastings & St Leonards PCN",1768,0.996056338028169
"E01021007","U99438","Hastings & St Leonards PCN",1588,0.988176726820162
"E01021008","U99438","Hastings & St Leonards PCN",1572,0.999364272091545
"E01021009","U99438","Hastings & St Leonards PCN",1941,0.995384615384615
"E01021010","U99438","Hastings & St Leonards PCN",1549,0.998067010309278
"E01021011","U99438","Hastings & St Leonards PCN",1659,0.99163179916318
"E01021012","U99438","Hastings & St Leonards PCN",1804,0.998339789706696
"E01021013","U99438","Hastings & St Leonards PCN",1896,0.999472851871376
"E01021014","U99438","Hastings & St Leonards PCN",1964,0.999491094147583
"E01021015","U99438","Hastings & St Leonards PCN",2010,0.99603567888999
"E01021016","U99438","Hastings & St Leonards PCN",1797,0.994465965688987
"E01021017","U99438","Hastings & St Leonards PCN",1415,0.83530106257379
"E01021018","U99438","Hastings & St Leonards PCN",2027,0.987816764132554
"E01021019","U99438","Hastings & St Leonards PCN",1874,0.998401704848162
"E01021020","U99438","Hastings & St Leonards PCN",2142,1
"E01021021","U99438","Hastings & St Leonards PCN",1942,0.988798370672098
"E01021022","U37341","Foundry Healthcare Lewes PCN",1375,0.563293732077018
"E01021023","U06871","Burgess Hill & Villages PCN",829,0.268111254851229
"E01021024","U36842","Greater Wealden PCN",1065,0.875102711585867
"E01021025","U36842","Greater Wealden PCN",1816,0.944849115504683
"E01021026","U06871","Burgess Hill & Villages PCN",2276,0.9104
"E01021027","U22426","Dean's and Central Brighton PCN",1450,0.917721518987342
"E01021028","U21317","The Havens PCN",1514,0.983116883116883
"E01021029","U21317","The Havens PCN",1482,0.959223300970874
"E01021030","U22426","Dean's and Central Brighton PCN",1262,0.943904263275991
"E01021031","U21317","The Havens PCN",1412,0.891414141414141
"E01021032","U37341","Foundry Healthcare Lewes PCN",1746,0.814745683621092
"E01021033","U37341","Foundry Healthcare Lewes PCN",1935,0.993836671802773
"E01021034","U37341","Foundry Healthcare Lewes PCN",1382,0.994960403167747
"E01021035","U37341","Foundry Healthcare Lewes PCN",1796,0.990623276337562
"E01021036","U37341","Foundry Healthcare Lewes PCN",1537,0.994822006472492
"E01021037","U37341","Foundry Healthcare Lewes PCN",1616,0.994461538461539
"E01021038","U37341","Foundry Healthcare Lewes PCN",1762,0.989887640449438
"E01021039","U37341","Foundry Healthcare Lewes PCN",1486,0.991327551701134
"E01021040","U37341","Foundry Healthcare Lewes PCN",1557,0.984197218710493
"E01021041","U37341","Foundry Healthcare Lewes PCN",1566,0.988636363636364
"E01021042","U37341","Foundry Healthcare Lewes PCN",1340,0.99406528189911
"E01021043","U37341","Foundry Healthcare Lewes PCN",1580,0.993710691823899
"E01021044","U21317","The Havens PCN",2244,0.9889819303658
"E01021045","U21317","The Havens PCN",2026,0.966142107773009
"E01021046","U21317","The Havens PCN",1271,0.81317978246961
"E01021047","U21317","The Havens PCN",1436,0.838295388207823
"E01021048","U21317","The Havens PCN",1790,0.979748221127531
"E01021049","U21317","The Havens PCN",1510,0.972311654861558
"E01021050","U21317","The Havens PCN",1440,0.980258679373724
"E01021051","U21317","The Havens PCN",1257,0.982799061767005
"E01021052","U36842","Greater Wealden PCN",1224,0.993506493506494
"E01021053","U36842","Greater Wealden PCN",1297,0.987814166031988
"E01021054","U37341","Foundry Healthcare Lewes PCN",1552,0.979179810725552
"E01021055","U37341","Foundry Healthcare Lewes PCN",2121,0.991121495327103
"E01021056","U37341","Foundry Healthcare Lewes PCN",1769,0.983324068927182
"E01021057","U21317","The Havens PCN",899,0.538323353293413
"E01021058","U21317","The Havens PCN",2100,0.980850070060719
"E01021059","U21317","The Havens PCN",1711,0.983898792409431
"E01021060","U21317","The Havens PCN",2540,0.985259891388673
"E01021061","U21317","The Havens PCN",1611,0.980523432744979
"E01021062","U21317","The Havens PCN",2059,0.974905303030303
"E01021063","U21317","The Havens PCN",1790,0.988404196576477
"E01021064","U21317","The Havens PCN",1817,0.977933261571582
"E01021065","U21317","The Havens PCN",1195,0.979508196721312
"E01021066","U21317","The Havens PCN",1639,0.990332326283988
"E01021067","U36842","Greater Wealden PCN",614,0.557168784029038
"E01021068","U36842","Greater Wealden PCN",545,0.474325500435161
"E01021069","U05632","Seaford PCN",1559,0.989213197969543
"E01021070","U05632","Seaford PCN",1565,0.978736710444028
"E01021071","U05632","Seaford PCN",1940,0.976346250629089
"E01021072","U05632","Seaford PCN",1637,0.984957882069795
"E01021073","U05632","Seaford PCN",1623,0.983040581465778
"E01021074","U05632","Seaford PCN",1785,0.97275204359673
"E01021075","U05632","Seaford PCN",1812,0.977346278317152
"E01021076","U05632","Seaford PCN",1851,0.974723538704581
"E01021077","U05632","Seaford PCN",1523,0.973785166240409
"E01021078","U05632","Seaford PCN",1379,0.989949748743719
"E01021079","U05632","Seaford PCN",1466,0.981258366800535
"E01021080","U05632","Seaford PCN",1510,0.978613091380428
"E01021081","U05632","Seaford PCN",1496,0.963917525773196
"E01021082","U05632","Seaford PCN",1561,0.938100961538462
"E01021083","U05632","Seaford PCN",1325,0.968567251461988
"E01021084","U79764","Rural Rother PCN",2211,0.987935656836461
"E01021085","U79764","Rural Rother PCN",1746,0.98034811903425
"E01021086","U79764","Rural Rother PCN",2224,0.991087344028521
"E01021087","U79764","Rural Rother PCN",1735,0.846754514397267
"E01021088","U79764","Rural Rother PCN",1712,0.989595375722543
"E01021089","U79764","Rural Rother PCN",1750,0.969529085872576
"E01021090","U85348","Bexhill PCN",1391,0.742658836091831
"E01021091","U85348","Bexhill PCN",1552,0.685209713024283
"E01021092","U85348","Bexhill PCN",1508,0.711320754716981
"E01021093","U85348","Bexhill PCN",1232,0.863955119214586
"E01021094","U85348","Bexhill PCN",1239,0.814060446780552
"E01021095","U85348","Bexhill PCN",1124,0.874708171206226
"E01021096","U79764","Rural Rother PCN",1110,0.772980501392758
"E01021097","U79764","Rural Rother PCN",1460,0.938906752411576
"E01021098","U79764","Rural Rother PCN",1775,0.985016648168701
"E01021099","U79764","Rural Rother PCN",1333,0.753107344632768
"E01021100","U79764","Rural Rother PCN",1859,0.986730360934183
"E01021101","U79764","Rural Rother PCN",1441,0.806830907054871
"E01021102","U79764","Rural Rother PCN",1471,0.947809278350515
"E01021103","U79764","Rural Rother PCN",1570,0.994930291508238
"E01021104","U79764","Rural Rother PCN",1462,0.992532247114732
"E01021105","U79764","Rural Rother PCN",1268,0.989079563182527
"E01021106","U85348","Bexhill PCN",1509,0.886603995299648
"E01021107","U85348","Bexhill PCN",1254,0.781795511221945
"E01021108","U85348","Bexhill PCN",1142,0.756792577866137
"E01021109","U99438","Hastings & St Leonards PCN",1574,0.712217194570136
"E01021110","U99438","Hastings & St Leonards PCN",2224,0.975010960105217
"E01021111","U85348","Bexhill PCN",922,0.810905892700088
"E01021112","U85348","Bexhill PCN",973,0.687632508833922
"E01021113","U85348","Bexhill PCN",1171,0.578557312252964
"E01021114","U79764","Rural Rother PCN",1926,0.994834710743802
"E01021115","U79764","Rural Rother PCN",1679,0.998216409036861
"E01021116","U79764","Rural Rother PCN",1635,0.998778252901649
"E01021117","U79764","Rural Rother PCN",1543,0.994201030927835
"E01021118","U79764","Rural Rother PCN",1885,0.997354497354497
"E01021119","U79764","Rural Rother PCN",1203,0.995860927152318
"E01021120","U85348","Bexhill PCN",1146,0.735086593970494
"E01021121","U85348","Bexhill PCN",1308,0.792247122955784
"E01021122","U85348","Bexhill PCN",1161,0.76231122783979
"E01021123","U85348","Bexhill PCN",1294,0.84299674267101
"E01021124","U85348","Bexhill PCN",2148,0.862650602409639
"E01021125","U85348","Bexhill PCN",1032,0.76728624535316
"E01021126","U85348","Bexhill PCN",1330,0.812461820403176
"E01021127","U85348","Bexhill PCN",1259,0.745411486086442
"E01021128","U85348","Bexhill PCN",1574,0.777283950617284
"E01021129","U85348","Bexhill PCN",1081,0.582435344827586
"E01021130","U85348","Bexhill PCN",756,0.514285714285714
"E01021131","U85348","Bexhill PCN",1016,0.599763872491145
"E01021132","U79764","Rural Rother PCN",1546,0.999353587588882
"E01021133","U79764","Rural Rother PCN",1391,0.989331436699858
"E01021134","U79764","Rural Rother PCN",583,0.951060358890702
"E01021135","U","Unallocated - Sidley Medical Practice",1233,0.616808404202101
"E01021136","U","Unallocated - Sidley Medical Practice",935,0.654761904761905
"E01021137","U","Unallocated - Sidley Medical Practice",1222,0.619361378611252
"E01021138","U","Unallocated - Sidley Medical Practice",593,0.515204170286707
"E01021139","U54760","High Weald PCN",1299,0.988584474885845
"E01021140","U54760","High Weald PCN",1210,0.98694942903752
"E01021141","U79764","Rural Rother PCN",797,0.588191881918819
"E01021142","U94996","Hailsham PCN",517,0.465765765765766
"E01021143","U05632","Seaford PCN",1010,0.889084507042254
"E01021144","U36842","Greater Wealden PCN",1657,0.945776255707763
"E01021145","U36842","Greater Wealden PCN",2011,0.849239864864865
"E01021146","U36842","Greater Wealden PCN",2332,0.94604462474645
"E01021147","U36842","Greater Wealden PCN",1138,0.647326507394767
"E01021148","U36842","Greater Wealden PCN",1236,0.777847702957835
"E01021149","U36842","Greater Wealden PCN",935,0.629205921938089
"E01021150","U36842","Greater Wealden PCN",1542,0.951851851851852
"E01021151","U54760","High Weald PCN",2046,0.997076023391813
"E01021152","U54760","High Weald PCN",1979,0.992477432296891
"E01021153","U54760","High Weald PCN",2035,0.995110024449878
"E01021154","U54760","High Weald PCN",1593,0.995625
"E01021155","U54760","High Weald PCN",1275,0.997652582159624
"E01021156","U54760","High Weald PCN",1991,0.999497991967871
"E01021157","U54760","High Weald PCN",1853,0.998921832884097
"E01021158","U54760","High Weald PCN",2393,0.999164926931106
"E01021159","U54760","High Weald PCN",2420,0.998761865456046
"E01021160","U54760","High Weald PCN",1988,0.998994974874372
"E01021161","U54760","High Weald PCN",1727,0.997689196995956
"E01021162","U54760","High Weald PCN",1633,0.998776758409786
"E01021163","U54760","High Weald PCN",1753,0.793571751923947
"E01021164","U36842","Greater Wealden PCN",970,0.499742400824317
"E01021165","U36842","Greater Wealden PCN",1173,0.836661911554922
"E01021166","U05632","Seaford PCN",1023,0.456900401965163
"E01021167","U54760","High Weald PCN",2416,0.950058985450256
"E01021168","U54760","High Weald PCN",1710,0.947893569844789
"E01021169","U54760","High Weald PCN",1087,0.852549019607843
"E01021170","U36842","Greater Wealden PCN",2985,0.986776859504132
"E01021171","U54760","High Weald PCN",1491,1
"E01021172","U54760","High Weald PCN",1763,1
"E01021173","U54760","High Weald PCN",1461,0.996589358799454
"E01021174","U94996","Hailsham PCN",1930,0.82092726499362
"E01021175","U94996","Hailsham PCN",1337,0.883674818241904
"E01021176","U94996","Hailsham PCN",1453,0.916719242902208
"E01021177","U94996","Hailsham PCN",1433,0.952792553191489
"E01021178","U94996","Hailsham PCN",1674,0.97212543554007
"E01021179","U94996","Hailsham PCN",1721,0.981745579007416
"E01021180","U94996","Hailsham PCN",1383,0.961752433936022
"E01021181","U94996","Hailsham PCN",1386,0.916666666666667
"E01021182","U94996","Hailsham PCN",1558,0.975579211020664
"E01021183","U94996","Hailsham PCN",1351,0.981118373275236
"E01021184","U94996","Hailsham PCN",1546,0.979100696643445
"E01021185","U94996","Hailsham PCN",1543,0.991645244215938
"E01021186","U54760","High Weald PCN",1334,0.997010463378176
"E01021187","U54760","High Weald PCN",985,0.665091154625253
"E01021188","U36842","Greater Wealden PCN",735,0.626064735945486
"E01021189","U36842","Greater Wealden PCN",844,0.637944066515495
"E01021190","U36842","Greater Wealden PCN",1172,0.780292942743009
"E01021191","U36842","Greater Wealden PCN",1514,0.955205047318612
"E01021192","U36842","Greater Wealden PCN",1515,0.96435391470401
"E01021193","U36842","Greater Wealden PCN",1780,0.963724959393611
"E01021194","U36842","Greater Wealden PCN",1604,0.963363363363363
"E01021195","U94996","Hailsham PCN",3487,0.733487589398401
"E01021196","U94996","Hailsham PCN",1838,0.88792270531401
"E01021197","U94996","Hailsham PCN",3615,0.884295499021526
"E01021198","U36842","Greater Wealden PCN",1405,0.868893011750155
"E01021199","U36842","Greater Wealden PCN",1468,0.836467236467236
"E01021200","U36842","Greater Wealden PCN",1475,0.960286458333333
"E01021201","U36842","Greater Wealden PCN",1842,0.956883116883117
"E01021202","U54760","High Weald PCN",1329,0.982988165680473
"E01021203","U54760","High Weald PCN",1436,0.936725375081539
"E01021204","U85348","Bexhill PCN",1033,0.8064012490242
"E01021205","U85348","Bexhill PCN",759,0.575
"E01021206","U48056","Eastbourne East PCN",1523,0.938964241676942
"E01021207","U48056","Eastbourne East PCN",1323,0.969230769230769
"E01021208","U48056","Eastbourne East PCN",2484,0.829105473965287
"E01021209","U48056","Eastbourne East PCN",2260,0.844859813084112
"E01021210","U48056","Eastbourne East PCN",1178,0.733042937149969
"E01021211","U48056","Eastbourne East PCN",1477,0.953518398967076
"E01021212","U42972","Victoria Eastbourne PCN",2666,0.806900726392252
"E01021213","U42972","Victoria Eastbourne PCN",1737,0.937904967602592
"E01021214","U42972","Victoria Eastbourne PCN",1659,0.927852348993289
"E01021215","U42972","Victoria Eastbourne PCN",1186,0.927286942924159
"E01021216","U42972","Victoria Eastbourne PCN",1128,0.923076923076923
"E01021217","U54760","High Weald PCN",1377,0.991360691144708
"E01021218","U54760","High Weald PCN",1228,0.997562956945573
"E01021219","U36842","Greater Wealden PCN",1346,0.998516320474777
"E01021220","U36842","Greater Wealden PCN",1693,0.993544600938967
"E01021221","U36842","Greater Wealden PCN",1366,0.993454545454545
"E01021222","U36842","Greater Wealden PCN",1553,0.996790757381258
"E01021223","U36842","Greater Wealden PCN",1118,0.995547640249332
"E01021224","U36842","Greater Wealden PCN",1593,0.996871088861076
"E01021225","U36842","Greater Wealden PCN",1682,0.987668819729888
"E01021226","U36842","Greater Wealden PCN",1320,0.996978851963746
"E01021227","U36842","Greater Wealden PCN",2273,0.991277802006105
"E01021228","U36842","Greater Wealden PCN",1714,0.994199535962877
"E01021229","U54760","High Weald PCN",1909,1
"E01021230","U54760","High Weald PCN",1504,1
"E01021231","U54760","High Weald PCN",1697,0.999411071849234
"E01021232","U42972","Victoria Eastbourne PCN",1311,0.787860576923077
"E01021233","U42972","Victoria Eastbourne PCN",1285,0.65461029037188
"E01021234","U42972","Victoria Eastbourne PCN",1220,0.822102425876011
"E01021235","U42972","Victoria Eastbourne PCN",901,0.664944649446494
"E01021236","U42972","Victoria Eastbourne PCN",1438,0.900438321853475
"E01031338","U37037","Shoreham and Southwick PCN",1338,0.988913525498891
"E01031339","U37037","Shoreham and Southwick PCN",1221,0.987864077669903
"E01031340","U37037","Shoreham and Southwick PCN",1553,0.991698595146871
"E01031341","U87478","Lancing and Sompting PCN",1567,0.990518331226296
"E01031342","U87478","Lancing and Sompting PCN",1610,0.98531211750306
"E01031343","U87478","Lancing and Sompting PCN",1387,0.997124370956147
"E01031344","U87478","Lancing and Sompting PCN",1439,0.992413793103448
"E01031345","U87478","Lancing and Sompting PCN",1630,0.996332518337408
"E01031346","U87478","Lancing and Sompting PCN",1389,0.992142857142857
"E01031347","U37037","Shoreham and Southwick PCN",1476,0.861646234676007
"E01031348","U37037","Shoreham and Southwick PCN",927,0.519327731092437
"E01031349","U37037","Shoreham and Southwick PCN",1130,0.762483130904184
"E01031350","U37037","Shoreham and Southwick PCN",1007,0.717236467236467
"E01031351","U37037","Shoreham and Southwick PCN",1383,0.839199029126214
"E01031352","U37037","Shoreham and Southwick PCN",1257,0.79708306911858
"E01031353","U87478","Lancing and Sompting PCN",974,0.668496911461908
"E01031354","U87478","Lancing and Sompting PCN",1247,0.992834394904459
"E01031355","U87478","Lancing and Sompting PCN",1830,0.98705501618123
"E01031356","U37037","Shoreham and Southwick PCN",2433,0.977501004419446
"E01031357","U37037","Shoreham and Southwick PCN",2289,0.974042553191489
"E01031358","U87478","Lancing and Sompting PCN",1859,0.985683987274655
"E01031359","U87478","Lancing and Sompting PCN",1529,0.990926766040181
"E01031360","U87478","Lancing and Sompting PCN",1614,0.988364972443356
"E01031361","U87478","Lancing and Sompting PCN",1602,0.995649471721566
"E01031362","U87478","Lancing and Sompting PCN",1383,0.974630021141649
"E01031363","U87478","Lancing and Sompting PCN",1596,0.9975
"E01031364","U37037","Shoreham and Southwick PCN",1914,0.975535168195719
"E01031365","U37037","Shoreham and Southwick PCN",2013,0.985798237022527
"E01031366","U37037","Shoreham and Southwick PCN",1465,0.981245813797723
"E01031367","U37037","Shoreham and Southwick PCN",1463,0.991864406779661
"E01031368","U37037","Shoreham and Southwick PCN",1501,0.979125896934116
"E01031369","U37037","Shoreham and Southwick PCN",1239,0.98961661341853
"E01031370","U37037","Shoreham and Southwick PCN",1512,0.964285714285714
"E01031371","U37037","Shoreham and Southwick PCN",1266,0.977606177606178
"E01031372","U37037","Shoreham and Southwick PCN",1519,0.978737113402062
"E01031373","U37037","Shoreham and Southwick PCN",1396,0.955509924709103
"E01031374","U37037","Shoreham and Southwick PCN",1563,0.896215596330275
"E01031375","U37037","Shoreham and Southwick PCN",1464,0.905940594059406
"E01031376","U87478","Lancing and Sompting PCN",1106,0.855375096674401
"E01031377","U87478","Lancing and Sompting PCN",1739,0.979166666666667
"E01031378","U87478","Lancing and Sompting PCN",765,0.539492242595205
"E01031379","U87478","Lancing and Sompting PCN",1591,0.981492905613819
"E01031380","U60757","Bognor Coastal Alliance PCN",1553,0.957459926017263
"E01031381","U60757","Bognor Coastal Alliance PCN",1518,0.88
"E01031382","U60757","Bognor Coastal Alliance PCN",1694,0.926695842450766
"E01031383","U60757","Bognor Coastal Alliance PCN",1549,0.968125
"E01031384","U60757","Bognor Coastal Alliance PCN",1720,0.944535969247666
"E01031385","U60757","Bognor Coastal Alliance PCN",1626,0.958161461402475
"E01031386","U04748","Angmering Coppice Fitzalan (ACF) PCN",1128,0.692874692874693
"E01031387","U04748","Angmering Coppice Fitzalan (ACF) PCN",1259,0.784912718204489
"E01031388","U04748","Angmering Coppice Fitzalan (ACF) PCN",2445,0.602216748768473
"E01031389","U04748","Angmering Coppice Fitzalan (ACF) PCN",1520,0.709948622139187
"E01031390","U08235","Regis Healthcare PCN",1396,0.995720399429387
"E01031391","U08235","Regis Healthcare PCN",1448,0.992460589444825
"E01031392","U08235","Regis Healthcare PCN",1466,0.948867313915858
"E01031393","U08235","Regis Healthcare PCN",2665,0.980500367917586
"E01031394","U08235","Regis Healthcare PCN",1699,0.980380842469706
"E01031395","U08235","Regis Healthcare PCN",1608,0.904895891952729
"E01031396","U08235","Regis Healthcare PCN",2521,0.860703311710481
"E01031397","U08235","Regis Healthcare PCN",1813,0.949214659685864
"E01031398","U21339","Arun Integrated Care (AIC) PCN",1095,0.731951871657754
"E01031399","U21339","Arun Integrated Care (AIC) PCN",1326,0.756417569880205
"E01031400","U21339","Arun Integrated Care (AIC) PCN",966,0.573293768545994
"E01031401","U08235","Regis Healthcare PCN",2186,0.534605037906579
"E01031402","U08235","Regis Healthcare PCN",1370,0.683291770573566
"E01031403","U08235","Regis Healthcare PCN",991,0.62248743718593
"E01031404","U08235","Regis Healthcare PCN",1064,0.764917325664989
"E01031405","U08235","Regis Healthcare PCN",1039,0.716551724137931
"E01031406","U60757","Bognor Coastal Alliance PCN",938,0.639400136332652
"E01031407","U21339","Arun Integrated Care (AIC) PCN",1170,0.75
"E01031408","U21339","Arun Integrated Care (AIC) PCN",1610,0.680761099365751
"E01031409","U21339","Arun Integrated Care (AIC) PCN",841,0.557692307692308
"E01031410","U21339","Arun Integrated Care (AIC) PCN",963,0.75175644028103
"E01031411","U21339","Arun Integrated Care (AIC) PCN",1032,0.76728624535316
"E01031412","U21339","Arun Integrated Care (AIC) PCN",1139,0.813571428571429
"E01031413","U21339","Arun Integrated Care (AIC) PCN",1050,0.774336283185841
"E01031414","U21339","Arun Integrated Care (AIC) PCN",1265,0.791614518147685
"E01031415","U21339","Arun Integrated Care (AIC) PCN",1389,0.801038062283737
"E01031416","U08235","Regis Healthcare PCN",1569,0.988657844990548
"E01031417","U08235","Regis Healthcare PCN",1668,0.98698224852071
"E01031418","U08235","Regis Healthcare PCN",2103,0.985935302390999
"E01031419","U08235","Regis Healthcare PCN",1499,0.955385595920969
"E01031420","U08235","Regis Healthcare PCN",1721,0.972316384180791
"E01031421","U08235","Regis Healthcare PCN",3631,0.963897000265463
"E01031422","U49536","Coastal and South Downs PCN",1302,0.87913571910871
"E01031423","U49536","Coastal and South Downs PCN",1536,0.84256719692814
"E01031424","U49536","Coastal and South Downs PCN",1256,0.903597122302158
"E01031425","U49536","Coastal and South Downs PCN",1373,0.98352435530086
"E01031426","U49536","Coastal and South Downs PCN",844,0.67682437850842
"E01031427","U04748","Angmering Coppice Fitzalan (ACF) PCN",1178,0.662169758291175
"E01031428","U04748","Angmering Coppice Fitzalan (ACF) PCN",920,0.566153846153846
"E01031429","U04748","Angmering Coppice Fitzalan (ACF) PCN",1169,0.698744769874477
"E01031430","U04748","Angmering Coppice Fitzalan (ACF) PCN",950,0.628306878306878
"E01031431","U08235","Regis Healthcare PCN",828,0.674267100977199
"E01031432","U08235","Regis Healthcare PCN",1758,0.76038062283737
"E01031433","U08235","Regis Healthcare PCN",998,0.686854783207158
"E01031434","U08235","Regis Healthcare PCN",1141,0.656124209315699
"E01031435","U60757","Bognor Coastal Alliance PCN",1564,0.785140562248996
"E01031436","U08235","Regis Healthcare PCN",1920,0.768614891913531
"E01031437","U60757","Bognor Coastal Alliance PCN",1257,0.568521031207598
"E01031438","U08235","Regis Healthcare PCN",1587,0.976014760147601
"E01031439","U08235","Regis Healthcare PCN",1945,0.988815455007626
"E01031440","U08235","Regis Healthcare PCN",1526,0.992197659297789
"E01031441","U08235","Regis Healthcare PCN",1333,0.711692471970101
"E01031442","U60757","Bognor Coastal Alliance PCN",986,0.525306339904102
"E01031443","U60757","Bognor Coastal Alliance PCN",778,0.507170795306389
"E01031444","U08235","Regis Healthcare PCN",1202,0.600699650174913
"E01031445","U60757","Bognor Coastal Alliance PCN",1707,0.956302521008403
"E01031446","U60757","Bognor Coastal Alliance PCN",1277,0.962321024868124
"E01031447","U60757","Bognor Coastal Alliance PCN",1624,0.968395945140131
"E01031448","U60757","Bognor Coastal Alliance PCN",1544,0.982813494589433
"E01031449","U60757","Bognor Coastal Alliance PCN",1758,0.945161290322581
"E01031450","U60757","Bognor Coastal Alliance PCN",1094,0.697259400892288
"E01031451","U60757","Bognor Coastal Alliance PCN",1641,0.82420894023104
"E01031452","U60757","Bognor Coastal Alliance PCN",1224,0.776157260621433
"E01031453","U60757","Bognor Coastal Alliance PCN",1016,0.524251805985552
"E01031454","U04748","Angmering Coppice Fitzalan (ACF) PCN",1596,0.580574754456166
"E01031455","U21339","Arun Integrated Care (AIC) PCN",878,0.531798909751666
"E01031456","U04748","Angmering Coppice Fitzalan (ACF) PCN",1277,0.668936616029335
"E01031457","U21339","Arun Integrated Care (AIC) PCN",879,0.506044905008636
"E01031458","U21339","Arun Integrated Care (AIC) PCN",1156,0.640443213296399
"E01031459","U21339","Arun Integrated Care (AIC) PCN",1349,0.688265306122449
"E01031460","U21339","Arun Integrated Care (AIC) PCN",1241,0.74400479616307
"E01031461","U21339","Arun Integrated Care (AIC) PCN",1388,0.790432801822323
"E01031462","U21339","Arun Integrated Care (AIC) PCN",1075,0.690430314707771
"E01031463","U21339","Arun Integrated Care (AIC) PCN",1334,0.788416075650118
"E01031464","U21339","Arun Integrated Care (AIC) PCN",1276,0.758169934640523
"E01031465","U08235","Regis Healthcare PCN",1402,0.964900206469374
"E01031466","U08235","Regis Healthcare PCN",1687,0.984247374562427
"E01031467","U04748","Angmering Coppice Fitzalan (ACF) PCN",2052,0.552058111380145
"E01031468","U04748","Angmering Coppice Fitzalan (ACF) PCN",1902,0.487317448116833
"E01031469","U04748","Angmering Coppice Fitzalan (ACF) PCN",926,0.539312754804892
"E01031470","U08235","Regis Healthcare PCN",1292,0.880108991825613
"E01031471","U08235","Regis Healthcare PCN",2522,0.986312084473993
"E01031472","U08235","Regis Healthcare PCN",1797,0.981430912069907
"E01031473","U08235","Regis Healthcare PCN",1323,0.991754122938531
"E01031474","U24558","Chichester Alliance of Medical Practices PCN",1435,1
"E01031475","U24558","Chichester Alliance of Medical Practices PCN",1832,0.999454446262957
"E01031476","U24558","Chichester Alliance of Medical Practices PCN",1583,0.999368686868687
"E01031477","U24558","Chichester Alliance of Medical Practices PCN",2184,0.945454545454545
"E01031478","U33593","Rural North Chichester PCN",1126,0.997342781222321
"E01031479","U33593","Rural North Chichester PCN",967,0.862622658340767
"E01031480","U24558","Chichester Alliance of Medical Practices PCN",1555,0.996794871794872
"E01031481","U24558","Chichester Alliance of Medical Practices PCN",1563,0.997447351627313
"E01031482","U24558","Chichester Alliance of Medical Practices PCN",1635,0.997559487492373
"E01031483","U24558","Chichester Alliance of Medical Practices PCN",2389,0.998745819397993
"E01031484","U24558","Chichester Alliance of Medical Practices PCN",1955,0.995417515274949
"E01031485","U24558","Chichester Alliance of Medical Practices PCN",1584,0.997481108312343
"E01031486","U24558","Chichester Alliance of Medical Practices PCN",1811,0.998346196251378
"E01031487","U24558","Chichester Alliance of Medical Practices PCN",1492,0.999330207635633
"E01031488","U24558","Chichester Alliance of Medical Practices PCN",3732,0.986779481755685
"E01031489","U24558","Chichester Alliance of Medical Practices PCN",1677,0.998214285714286
"E01031490","U24558","Chichester Alliance of Medical Practices PCN",2608,0.999233716475096
"E01031491","U24558","Chichester Alliance of Medical Practices PCN",1975,0.996971226653205
"E01031492","U24558","Chichester Alliance of Medical Practices PCN",1808,0.998895027624309
"E01031493","U24558","Chichester Alliance of Medical Practices PCN",2639,0.998108925869894
"E01031494","U24558","Chichester Alliance of Medical Practices PCN",1771,0.999435665914221
"E01031495","U24558","Chichester Alliance of Medical Practices PCN",1530,0.998694516971279
"E01031496","U24558","Chichester Alliance of Medical Practices PCN",3206,0.999688182101653
"E01031497","U33593","Rural North Chichester PCN",1731,1
"E01031498","U33593","Rural North Chichester PCN",1123,1
"E01031499","U24558","Chichester Alliance of Medical Practices PCN",1929,0.999481865284974
"E01031500","U24558","Chichester Alliance of Medical Practices PCN",2515,0.99761999206664
"E01031501","U24558","Chichester Alliance of Medical Practices PCN",1412,1
"E01031502","U33593","Rural North Chichester PCN",4,0.8
"E01031503","U33593","Rural North Chichester PCN",10,1
"E01031504","U33593","Rural North Chichester PCN",302,0.986928104575163
"E01031505","U24558","Chichester Alliance of Medical Practices PCN",2753,0.998911465892598
"E01031506","U24558","Chichester Alliance of Medical Practices PCN",1331,0.997751124437781
"E01031507","U24558","Chichester Alliance of Medical Practices PCN",578,0.994836488812392
"E01031508","U33593","Rural North Chichester PCN",987,0.984047856430708
"E01031509","U24558","Chichester Alliance of Medical Practices PCN",3474,0.995130335147522
"E01031511","U33593","Rural North Chichester PCN",1589,0.997489014438167
"E01031512","U33593","Rural North Chichester PCN",2024,0.997044334975369
"E01031513","U24558","Chichester Alliance of Medical Practices PCN",3914,0.848471710383698
"E01031514","U33593","Rural North Chichester PCN",1655,0.996987951807229
"E01031515","U33593","Rural North Chichester PCN",1785,1
"E01031516","U33593","Rural North Chichester PCN",1518,0.995409836065574
"E01031517","U33593","Rural North Chichester PCN",2149,0.949204946996466
"E01031518","U33593","Rural North Chichester PCN",1291,0.954881656804734
"E01031519","U33593","Rural North Chichester PCN",520,1
"E01031520","U33593","Rural North Chichester PCN",381,1
"E01031521","U33593","Rural North Chichester PCN",152,0.993464052287582
"E01031522","U24558","Chichester Alliance of Medical Practices PCN",2026,1
"E01031523","U24558","Chichester Alliance of Medical Practices PCN",1942,0.999485331960885
"E01031524","U24558","Chichester Alliance of Medical Practices PCN",1858,0.998387963460505
"E01031525","U24558","Chichester Alliance of Medical Practices PCN",1411,0.99929178470255
"E01031526","U24558","Chichester Alliance of Medical Practices PCN",1324,0.999245283018868
"E01031527","U24558","Chichester Alliance of Medical Practices PCN",1528,0.998692810457516
"E01031528","U24558","Chichester Alliance of Medical Practices PCN",1601,1
"E01031529","U24558","Chichester Alliance of Medical Practices PCN",1462,0.998633879781421
"E01031530","U24558","Chichester Alliance of Medical Practices PCN",1323,0.99548532731377
"E01031531","U24558","Chichester Alliance of Medical Practices PCN",1119,1
"E01031532","U24558","Chichester Alliance of Medical Practices PCN",459,1
"E01031533","U24558","Chichester Alliance of Medical Practices PCN",1212,1
"E01031534","U24558","Chichester Alliance of Medical Practices PCN",750,1
"E01031535","U24558","Chichester Alliance of Medical Practices PCN",2089,0.998565965583174
"E01031536","U33593","Rural North Chichester PCN",1276,1
"E01031538","U24558","Chichester Alliance of Medical Practices PCN",1495,0.969520103761349
"E01031539","U24558","Chichester Alliance of Medical Practices PCN",1698,0.952327537857543
"E01031540","U24558","Chichester Alliance of Medical Practices PCN",1424,0.99859747545582
"E01031541","U24558","Chichester Alliance of Medical Practices PCN",1382,1
"E01031542","U24558","Chichester Alliance of Medical Practices PCN",2054,1
"E01031543","U24558","Chichester Alliance of Medical Practices PCN",778,0.998716302952503
"E01031544","U33593","Rural North Chichester PCN",1073,0.821592649310873
"E01031545","U33593","Rural North Chichester PCN",878,0.624022743425728
"E01031546","U33451","South Crawley PCN",1290,0.772917914919113
"E01031547","U33451","South Crawley PCN",1004,0.734455010972933
"E01031548","U33451","South Crawley PCN",1399,0.792185730464326
"E01031549","U33451","South Crawley PCN",1501,0.768954918032787
"E01031550","U33451","South Crawley PCN",1070,0.711909514304724
"E01031551","U33451","South Crawley PCN",1517,0.814715359828142
"E01031552","U33451","South Crawley PCN",1612,0.775
"E01031553","U33451","South Crawley PCN",1275,0.776492082825822
"E01031554","U33451","South Crawley PCN",1590,0.791438526630164
"E01031555","U33451","South Crawley PCN",1390,0.763736263736264
"E01031556","U33451","South Crawley PCN",1107,0.651559741024132
"E01031557","U33451","South Crawley PCN",1408,0.753747323340471
"E01031558","U33451","South Crawley PCN",1478,0.828011204481793
"E01031559","U33451","South Crawley PCN",1373,0.78953421506613
"E01031560","U14816","Healthy Crawley PCN",1172,0.721230769230769
"E01031561","U14816","Healthy Crawley PCN",1200,0.77120822622108
"E01031562","U14816","Healthy Crawley PCN",1024,0.703296703296703
"E01031563","U14816","Healthy Crawley PCN",1240,0.768753874767514
"E01031564","U33451","South Crawley PCN",859,0.543670886075949
"E01031565","U33451","South Crawley PCN",1720,0.704052394596807
"E01031566","U33451","South Crawley PCN",1059,0.604452054794521
"E01031567","U52694","Crawley Care Collaborative PCN",677,0.470138888888889
"E01031568","U14816","Healthy Crawley PCN",759,0.49317738791423
"E01031569","U14816","Healthy Crawley PCN",1001,0.587786259541985
"E01031570","U52694","Crawley Care Collaborative PCN",968,0.626943005181347
"E01031571","U14816","Healthy Crawley PCN",992,0.506898313745529
"E01031572","U14816","Healthy Crawley PCN",1194,0.50507614213198
"E01031573","U52694","Crawley Care Collaborative PCN",1641,0.80559646539028
"E01031574","U52694","Crawley Care Collaborative PCN",1757,0.801916932907348
"E01031575","U52694","Crawley Care Collaborative PCN",1576,0.738173302107728
"E01031576","U52694","Crawley Care Collaborative PCN",1753,0.843599615014437
"E01031577","U52694","Crawley Care Collaborative PCN",1255,0.817589576547231
"E01031578","U33451","South Crawley PCN",1226,0.681489716509172
"E01031579","U33451","South Crawley PCN",1248,0.697986577181208
"E01031580","U33451","South Crawley PCN",1792,0.734727347273473
"E01031581","U33451","South Crawley PCN",1275,0.707154742096506
"E01031582","U33451","South Crawley PCN",1185,0.698291101944608
"E01031583","U52694","Crawley Care Collaborative PCN",1259,0.511788617886179
"E01031584","U33451","South Crawley PCN",931,0.465732866433217
"E01031585","U33451","South Crawley PCN",1678,0.540766999677731
"E01031586","U14816","Healthy Crawley PCN",1249,0.688533627342889
"E01031587","U52694","Crawley Care Collaborative PCN",2487,0.515333609614588
"E01031588","U14816","Healthy Crawley PCN",1067,0.664797507788162
"E01031589","U14816","Healthy Crawley PCN",1278,0.657745753988677
"E01031590","U14816","Healthy Crawley PCN",1165,0.725856697819315
"E01031591","U14816","Healthy Crawley PCN",1510,0.727010110736639
"E01031592","U14816","Healthy Crawley PCN",1093,0.54135710747895
"E01031593","U14816","Healthy Crawley PCN",1035,0.705040871934605
"E01031594","U14816","Healthy Crawley PCN",1134,0.710526315789474
"E01031595","U52694","Crawley Care Collaborative PCN",1340,0.704892162019989
"E01031596","U52694","Crawley Care Collaborative PCN",1611,0.758831841733396
"E01031597","U52694","Crawley Care Collaborative PCN",1143,0.668421052631579
"E01031598","U52694","Crawley Care Collaborative PCN",1241,0.631552162849873
"E01031599","U52694","Crawley Care Collaborative PCN",1362,0.435421994884911
"E01031600","U52694","Crawley Care Collaborative PCN",1126,0.702871410736579
"E01031601","U52694","Crawley Care Collaborative PCN",1016,0.676431424766977
"E01031603","U52694","Crawley Care Collaborative PCN",1182,0.676201372997712
"E01031604","U14816","Healthy Crawley PCN",1367,0.777588168373151
"E01031605","U14816","Healthy Crawley PCN",1210,0.692615912993704
"E01031606","U14816","Healthy Crawley PCN",1316,0.737668161434978
"E01031607","U14816","Healthy Crawley PCN",1192,0.723300970873786
"E01031608","U52694","Crawley Care Collaborative PCN",1368,0.482199506520973
"E01031609","U52694","Crawley Care Collaborative PCN",923,0.539135514018692
"E01031610","U52694","Crawley Care Collaborative PCN",1076,0.521823472356935
"E01031611","U57981","Chanctonbury PCN",1697,0.548303715670436
"E01031612","U57981","Chanctonbury PCN",2007,0.87109375
"E01031613","U57981","Chanctonbury PCN",2473,0.821594684385382
"E01031614","U57981","Chanctonbury PCN",2397,0.894402985074627
"E01031615","U57981","Chanctonbury PCN",1748,0.885960466294982
"E01031616","U57981","Chanctonbury PCN",1699,0.998824221046443
"E01031617","U57981","Chanctonbury PCN",2481,0.978312302839117
"E01031618","U57981","Chanctonbury PCN",1404,0.940388479571333
"E01031619","U26939","Horsham Central PCN",3031,0.711836542977924
"E01031620","U26939","Horsham Central PCN",1734,0.806511627906977
"E01031621","U33593","Rural North Chichester PCN",1096,0.633892423366108
"E01031622","U57981","Chanctonbury PCN",1519,0.873993095512083
"E01031623","U33593","Rural North Chichester PCN",989,0.555306007860752
"E01031624","U57981","Chanctonbury PCN",1419,0.813646788990826
"E01031625","U57981","Chanctonbury PCN",1608,0.804804804804805
"E01031626","U57981","Chanctonbury PCN",904,0.588158750813273
"E01031627","U57981","Chanctonbury PCN",1684,0.872538860103627
"E01031628","U57981","Chanctonbury PCN",1874,0.910592808551992
"E01031629","U57981","Chanctonbury PCN",1537,0.905182567726737
"E01031630","U57981","Chanctonbury PCN",1627,0.919728660260034
"E01031631","U57981","Chanctonbury PCN",1490,0.892750149790294
"E01031632","U96386","Horsham Collaborative PCN",1034,0.600116076610563
"E01031633","U96386","Horsham Collaborative PCN",689,0.521180030257186
"E01031634","U96386","Horsham Collaborative PCN",1158,0.81035689293212
"E01031635","U57981","Chanctonbury PCN",690,0.502549162418063
"E01031636","U26939","Horsham Central PCN",2444,0.824283305227656
"E01031637","U26939","Horsham Central PCN",2921,0.809589800443459
"E01031638","U26939","Horsham Central PCN",1514,0.846282839575182
"E01031639","U26939","Horsham Central PCN",1627,0.781835655934647
"E01031640","U26939","Horsham Central PCN",1509,0.768721344880285
"E01031641","U57981","Chanctonbury PCN",1475,0.952842377260982
"E01031642","U57981","Chanctonbury PCN",2496,0.953399541634836
"E01031643","U57981","Chanctonbury PCN",1778,0.935297211993688
"E01031644","U26939","Horsham Central PCN",1732,0.817752596789424
"E01031645","U26939","Horsham Central PCN",1340,0.92797783933518
"E01031646","U26939","Horsham Central PCN",1458,0.947368421052632
"E01031647","U26939","Horsham Central PCN",1151,0.884024577572965
"E01031648","U26939","Horsham Central PCN",1242,0.735346358792185
"E01031649","U26939","Horsham Central PCN",849,0.758713136729222
"E01031650","U26939","Horsham Central PCN",1050,0.772058823529412
"E01031651","U26939","Horsham Central PCN",1292,0.7533527696793
"E01031652","U26939","Horsham Central PCN",1426,0.76625470177324
"E01031653","U26939","Horsham Central PCN",1513,0.726705091258405
"E01031654","U26939","Horsham Central PCN",1307,0.789728096676737
"E01031655","U26939","Horsham Central PCN",1351,0.772883295194508
"E01031656","U26939","Horsham Central PCN",1510,0.751617720258835
"E01031657","U57981","Chanctonbury PCN",768,0.371014492753623
"E01031658","U26939","Horsham Central PCN",1250,0.793147208121827
"E01031659","U57981","Chanctonbury PCN",823,0.453943739658025
"E01031660","U96386","Horsham Collaborative PCN",676,0.503725782414307
"E01031661","U03364","Haywards Heath Villages PCN",691,0.35877466251298
"E01031662","U33593","Rural North Chichester PCN",1544,0.98031746031746
"E01031663","U33593","Rural North Chichester PCN",2308,0.954507857733664
"E01031664","U33593","Rural North Chichester PCN",1510,0.902031063321386
"E01031665","U33593","Rural North Chichester PCN",1235,0.993563958165728
"E01031666","U26939","Horsham Central PCN",1469,0.900674432863274
"E01031667","U26939","Horsham Central PCN",1311,0.868787276341948
"E01031668","U26939","Horsham Central PCN",1399,0.871108343711083
"E01031669","U26939","Horsham Central PCN",1409,0.840190816935003
"E01031670","U26939","Horsham Central PCN",1272,0.803537586860392
"E01031671","U26939","Horsham Central PCN",1374,0.808235294117647
"E01031672","U26939","Horsham Central PCN",1422,0.737551867219917
"E01031673","U26939","Horsham Central PCN",1317,0.86078431372549
"E01031674","U96386","Horsham Collaborative PCN",1273,0.826623376623377
"E01031675","U96386","Horsham Collaborative PCN",1357,0.889252948885976
"E01031676","U26939","Horsham Central PCN",1666,0.282133784928027
"E01031677","U96386","Horsham Collaborative PCN",1200,0.74487895716946
"E01031678","U96386","Horsham Collaborative PCN",1442,0.711396151948693
"E01031679","U96386","Horsham Collaborative PCN",1403,0.597784405624201
"E01031680","U96386","Horsham Collaborative PCN",1049,0.644744929317763
"E01031681","U96386","Horsham Collaborative PCN",1434,0.736139630390144
"E01031682","U96386","Horsham Collaborative PCN",846,0.746031746031746
"E01031683","U96386","Horsham Collaborative PCN",1279,0.791950464396285
"E01031684","U57981","Chanctonbury PCN",1497,0.998
"E01031685","U57981","Chanctonbury PCN",1878,0.997344662772172
"E01031686","U57981","Chanctonbury PCN",1437,0.998610145934677
"E01031687","U57981","Chanctonbury PCN",1597,0.980356046654389
"E01031688","U26939","Horsham Central PCN",1054,0.724398625429553
"E01031689","U26939","Horsham Central PCN",1010,0.645367412140575
"E01031690","U26939","Horsham Central PCN",1297,0.801111797405806
"E01031691","U26939","Horsham Central PCN",1397,0.720846233230134
"E01031692","U03364","Haywards Heath Villages PCN",3412,0.941760971570522
"E01031693","U03364","Haywards Heath Villages PCN",1972,0.974789915966387
"E01031694","U03364","Haywards Heath Villages PCN",1261,0.634625062908908
"E01031695","U80779","East Grinstead PCN",1160,0.792349726775956
"E01031696","U80779","East Grinstead PCN",729,0.522206303724928
"E01031697","U03364","Haywards Heath Villages PCN",1039,0.817466561762392
"E01031698","U06871","Burgess Hill & Villages PCN",808,0.457790368271955
"E01031699","U06871","Burgess Hill & Villages PCN",1431,0.859975961538462
"E01031700","U06871","Burgess Hill & Villages PCN",1568,0.919648093841642
"E01031701","U06871","Burgess Hill & Villages PCN",1641,0.817231075697211
"E01031702","U06871","Burgess Hill & Villages PCN",1507,0.895424836601307
"E01031703","U06871","Burgess Hill & Villages PCN",1637,0.906925207756233
"E01031704","U06871","Burgess Hill & Villages PCN",1644,0.892992938620315
"E01031705","U06871","Burgess Hill & Villages PCN",1082,0.648681055155875
"E01031706","U06871","Burgess Hill & Villages PCN",1157,0.671113689095128
"E01031707","U06871","Burgess Hill & Villages PCN",1017,0.658678756476684
"E01031708","U06871","Burgess Hill & Villages PCN",1861,0.899468342194297
"E01031709","U06871","Burgess Hill & Villages PCN",1585,0.847140566541956
"E01031710","U06871","Burgess Hill & Villages PCN",1249,0.857240905971174
"E01031711","U06871","Burgess Hill & Villages PCN",3210,0.862439548629769
"E01031712","U06871","Burgess Hill & Villages PCN",1146,0.734144778987828
"E01031713","U06871","Burgess Hill & Villages PCN",1275,0.72360953461975
"E01031714","U06871","Burgess Hill & Villages PCN",1604,0.833246753246753
"E01031715","U06871","Burgess Hill & Villages PCN",1542,0.902810304449649
"E01031716","U06871","Burgess Hill & Villages PCN",1142,0.826338639652677
"E01031717","U06871","Burgess Hill & Villages PCN",1189,0.810497614178596
"E01031718","U14816","Healthy Crawley PCN",1981,0.756395570828561
"E01031719","U14816","Healthy Crawley PCN",1505,0.797139830508475
"E01031720","U14816","Healthy Crawley PCN",1212,0.820582261340555
"E01031721","U80779","East Grinstead PCN",1975,0.978691774033697
"E01031722","U80779","East Grinstead PCN",1058,0.623820754716981
"E01031723","U80779","East Grinstead PCN",1544,0.956037151702786
"E01031724","U80779","East Grinstead PCN",1385,0.983664772727273
"E01031725","U80779","East Grinstead PCN",1503,0.980430528375734
"E01031726","U03364","Haywards Heath Villages PCN",1312,0.787987987987988
"E01031727","U03364","Haywards Heath Villages PCN",1585,0.855831533477322
"E01031728","U03364","Haywards Heath Villages PCN",2683,0.688125160297512
"E01031729","U80779","East Grinstead PCN",2268,0.996485061511424
"E01031730","U80779","East Grinstead PCN",1740,0.990888382687927
"E01031731","U80779","East Grinstead PCN",2091,0.998567335243553
"E01031732","U80779","East Grinstead PCN",1845,0.999458288190683
"E01031733","U80779","East Grinstead PCN",1735,0.999423963133641
"E01031734","U80779","East Grinstead PCN",1544,1
"E01031735","U80779","East Grinstead PCN",1636,0.979640718562874
"E01031736","U80779","East Grinstead PCN",1808,0.998343456653782
"E01031737","U80779","East Grinstead PCN",1605,0.999377334993773
"E01031738","U80779","East Grinstead PCN",1572,0.999364272091545
"E01031739","U80779","East Grinstead PCN",1861,0.999462943071966
"E01031740","U80779","East Grinstead PCN",1530,0.999346832135859
"E01031741","U80779","East Grinstead PCN",2383,0.998324256388773
"E01031742","U80779","East Grinstead PCN",2167,0.995863970588235
"E01031743","U80779","East Grinstead PCN",1771,0.999435665914221
"E01031744","U06871","Burgess Hill & Villages PCN",2121,0.984679665738162
"E01031745","U06871","Burgess Hill & Villages PCN",2152,0.990791896869245
"E01031746","U06871","Burgess Hill & Villages PCN",1731,0.990841442472811
"E01031747","U06871","Burgess Hill & Villages PCN",1604,0.990123456790123
"E01031748","U06871","Burgess Hill & Villages PCN",1461,0.977911646586345
"E01031749","U04725","Haywards Heath Central PCN",822,0.519267214150347
"E01031750","U03364","Haywards Heath Villages PCN",906,0.600397614314115
"E01031751","U04725","Haywards Heath Central PCN",1430,0.54310672236992
"E01031752","U04725","Haywards Heath Central PCN",1022,0.515120967741935
"E01031753","U04725","Haywards Heath Central PCN",911,0.620995228357192
"E01031754","U04725","Haywards Heath Central PCN",1005,0.613178767541184
"E01031755","U04725","Haywards Heath Central PCN",769,0.517496635262449
"E01031756","U03364","Haywards Heath Villages PCN",2005,0.632292652160202
"E01031757","U03364","Haywards Heath Villages PCN",1091,0.744709897610922
"E01031758","U03364","Haywards Heath Villages PCN",1045,0.732305536089699
"E01031759","U04725","Haywards Heath Central PCN",1339,0.710344827586207
"E01031760","U04725","Haywards Heath Central PCN",1207,0.638624338624339
"E01031761","U04725","Haywards Heath Central PCN",1896,0.734598992638512
"E01031763","U04725","Haywards Heath Central PCN",1608,0.697613882863341
"E01031764","U03364","Haywards Heath Villages PCN",1089,0.781765972720747
"E01031765","U03364","Haywards Heath Villages PCN",1105,0.596330275229358
"E01031766","U80779","East Grinstead PCN",1185,0.568072866730585
"E01031767","U06871","Burgess Hill & Villages PCN",2189,0.935470085470085
"E01031768","U06871","Burgess Hill & Villages PCN",1584,0.988147223955084
"E01031769","U06871","Burgess Hill & Villages PCN",1750,0.992063492063492
"E01031770","U06871","Burgess Hill & Villages PCN",1398,0.805763688760807
"E01031771","U06871","Burgess Hill & Villages PCN",1645,0.955839628123184
"E01031772","U03364","Haywards Heath Villages PCN",1681,0.82767109798129
"E01031773","U03364","Haywards Heath Villages PCN",1520,0.773930753564155
"E01031774","U03364","Haywards Heath Villages PCN",2262,0.830091743119266
"E01031775","U03364","Haywards Heath Villages PCN",1477,0.783138918345705
"E01031776","U13952","Central Worthing Practices PCN",1297,0.847712418300654
"E01031777","U13952","Central Worthing Practices PCN",1493,0.792462845010616
"E01031778","U13952","Central Worthing Practices PCN",1315,0.834920634920635
"E01031779","U13952","Central Worthing Practices PCN",867,0.609276177090654
"E01031780","U13952","Central Worthing Practices PCN",1277,0.804156171284635
"E01031781","U13952","Central Worthing Practices PCN",1303,0.778375149342891
"E01031782","U01092","Cissbury Integrated Care PCN",1438,0.746237675142709
"E01031783","U01092","Cissbury Integrated Care PCN",1361,0.771979580260919
"E01031784","U01092","Cissbury Integrated Care PCN",2009,0.649531199482703
"E01031785","U01092","Cissbury Integrated Care PCN",1113,0.717601547388781
"E01031786","U01092","Cissbury Integrated Care PCN",1274,0.759237187127533
"E01031787","U01092","Cissbury Integrated Care PCN",1683,0.769547325102881
"E01031788","U01092","Cissbury Integrated Care PCN",1229,0.541648303217276
"E01031789","U01092","Cissbury Integrated Care PCN",2081,0.764230627983841
"E01031790","U01092","Cissbury Integrated Care PCN",1033,0.520140986908359
"E01031791","U13952","Central Worthing Practices PCN",1085,0.505827505827506
"E01031792","U49536","Coastal and South Downs PCN",686,0.494949494949495
"E01031793","U49536","Coastal and South Downs PCN",792,0.588847583643123
"E01031794","U49536","Coastal and South Downs PCN",708,0.460637605725439
"E01031795","U49536","Coastal and South Downs PCN",823,0.475722543352601
"E01031796","U13952","Central Worthing Practices PCN",1293,0.739702517162471
"E01031797","U13952","Central Worthing Practices PCN",1223,0.913368185212845
"E01031798","U13952","Central Worthing Practices PCN",1228,0.765109034267913
"E01031799","U13952","Central Worthing Practices PCN",1557,0.845276872964169
"E01031800","U13952","Central Worthing Practices PCN",1471,0.858727378867484
"E01031801","U13952","Central Worthing Practices PCN",1383,0.777403035413153
"E01031802","U49536","Coastal and South Downs PCN",925,0.55689343768814
"E01031803","U49536","Coastal and South Downs PCN",957,0.584963325183374
"E01031804","U01092","Cissbury Integrated Care PCN",960,0.553952683208309
"E01031805","U49536","Coastal and South Downs PCN",899,0.536396181384248
"E01031806","U01092","Cissbury Integrated Care PCN",1014,0.547220723151646
"E01031807","U01092","Cissbury Integrated Care PCN",1324,0.755276668568169
"E01031808","U01092","Cissbury Integrated Care PCN",1477,0.813325991189427
"E01031809","U01092","Cissbury Integrated Care PCN",1470,0.795024337479719
"E01031810","U01092","Cissbury Integrated Care PCN",1291,0.6671834625323
"E01031811","U01092","Cissbury Integrated Care PCN",1143,0.768661735036987
"E01031812","U01092","Cissbury Integrated Care PCN",1166,0.730118973074515
"E01031813","U01092","Cissbury Integrated Care PCN",1335,0.725938009787928
"E01031814","U01092","Cissbury Integrated Care PCN",1002,0.553897180762852
"E01031815","U01092","Cissbury Integrated Care PCN",1043,0.675080906148867
"E01031816","U01092","Cissbury Integrated Care PCN",1289,0.76002358490566
"E01031817","U49536","Coastal and South Downs PCN",755,0.405042918454936
"E01031818","U49536","Coastal and South Downs PCN",1033,0.481136469492315
"E01031819","U49536","Coastal and South Downs PCN",1791,0.442878338278932
"E01031820","U49536","Coastal and South Downs PCN",1726,0.956762749445676
"E01031821","U49536","Coastal and South Downs PCN",1712,0.952698942682248
"E01031822","U13952","Central Worthing Practices PCN",835,0.513214505224339
"E01031823","U13952","Central Worthing Practices PCN",988,0.595539481615431
"E01031824","U13952","Central Worthing Practices PCN",1210,0.796576695194207
"E01031825","U13952","Central Worthing Practices PCN",710,0.429522081064731
"E01031826","U13952","Central Worthing Practices PCN",656,0.416772554002541
"E01031827","U13952","Central Worthing Practices PCN",1006,0.635502210991788
"E01031828","U49536","Coastal and South Downs PCN",1170,0.857142857142857
"E01031829","U49536","Coastal and South Downs PCN",1260,0.766423357664234
"E01031830","U49536","Coastal and South Downs PCN",781,0.469350961538462
"E01031831","U01092","Cissbury Integrated Care PCN",1355,0.788248981966259
"E01031832","U01092","Cissbury Integrated Care PCN",1232,0.766169154228856
"E01031833","U01092","Cissbury Integrated Care PCN",1396,0.81685196021065
"E01031834","U01092","Cissbury Integrated Care PCN",1383,0.824686940966011
"E01031835","U01092","Cissbury Integrated Care PCN",1823,0.886673151750973
"E01031836","U13952","Central Worthing Practices PCN",1216,0.690124858115778
"E01031837","U13952","Central Worthing Practices PCN",1710,0.831307729703452
"E01031838","U13952","Central Worthing Practices PCN",1401,0.856356968215159
"E01031839","U13952","Central Worthing Practices PCN",1529,0.827380952380952
"E01031840","U13952","Central Worthing Practices PCN",1256,0.69700332963374
"E01032717","U33593","Rural North Chichester PCN",3115,0.99903784477229
"E01032831","U48056","Eastbourne East PCN",1598,0.939447383891828
"E01032832","U48056","Eastbourne East PCN",1237,0.76832298136646
"E01032833","U48056","Eastbourne East PCN",1278,0.950892857142857
"E01032835","U52694","Crawley Care Collaborative PCN",1025,0.484862819299905
"E01032836","U52694","Crawley Care Collaborative PCN",1618,0.609416195856874
"E01032837","U04725","Haywards Heath Central PCN",1788,0.663450834879406
"E01032838","U04725","Haywards Heath Central PCN",825,0.542406311637081
"E01032839","U04725","Haywards Heath Central PCN",892,0.704581358609795
"E01033328","U29677","East & Central Brighton PCN",914,0.554611650485437
"E01033329","U29677","East & Central Brighton PCN",689,0.263580719204285
